{
	"server_id": "manager_1234",
	"command": "ch_add",
	"channel": {
		"id": "cocos_program_B120162788_D3_1082652",
		"version": "v1",
		"input": {
			"type": "file",
			"socket_timeout": 3,
			"reconnect_timeout": 60,
			"options": {
				"retry_period": 3,
				"max_retry_count": 0
			},
			"streams": [
				{
					"adaptive_id": "1080p",
					"urls": [
						"http://Y2pjb2Nvc3N0Z0BjamVubXN0b3I6MjU1MmM1MjVhOWRkMTUzNTcwNjFiZTIzMTcyMzRlNjU=@cjcocosstg.x-cdn.com/dav/CLIP/COCOS/SST/B120162788/1082652/B120162788_1082652_g60_t35.mp4"
					]
				},
				{
					"name": "english",
					"type": "subtitle",
					"lang": "eng",
					"variant": true,
					"urls": [
						"http://Y2pjb2Nvc3N0Z0BjamVubXN0b3I6MjU1MmM1MjVhOWRkMTUzNTcwNjFiZTIzMTcyMzRlNjU=@cjcocosstg.x-cdn.com/dav/CLIP/COCOS/CAPTION/B120162788/626d62c5-07a3-481a-9206-96b5e94b625b.srt"
					]
				}
			]
		}
	}
}